step,timestamp,bacterium_id,x,y,z,energy_level,fitness,age,generation,neighbors_count,atp_level,size,mass,md_interactions,genetic_operations,ai_decisions
150,1749062940.0715358,0,515.6332590116864,524.7565434767133,41.01756339250747,100,0.95,14.999999999999963,0,0,67.26368589036868,0.5354333621791549,1e-15,0,0,0
150,1749062940.0715358,1,111.86097105498982,121.118921828336,49.83213608833492,100,0.95,14.999999999999963,0,1,72.7237419407642,0.4002047517449876,1e-15,0,0,0
150,1749062940.0715358,2,140.27054926435272,43.37389765876161,24.995156522786367,88.22769401807908,0.95,14.999999999999963,0,0,69.90268213356582,0.7221216585357315,1e-15,0,0,0
150,1749062940.0715358,3,260.37938184118747,246.79507346846827,36.60162953432435,99.67330247718026,0.95,14.999999999999963,0,0,65.3156109660189,0.5585949778761381,1e-15,0,0,0
150,1749062940.0715358,4,158.18205254442302,477.4104818994343,18.38926311990449,57.21355791903024,0.95,14.999999999999963,0,2,66.32418941187818,0.4825123902198747,1e-15,0,0,0
150,1749062940.0715358,5,19.138855697967536,243.98271727979701,22.099118434865197,100,0.95,14.999999999999963,0,0,69.81460105888603,0.3663089966825476,1e-15,0,0,0
150,1749062940.0715358,6,109.82694160474342,228.21117328732993,17.843810584663785,83.92862892724041,0.95,14.999999999999963,0,4,69.35023207700534,0.7916734098252453,1e-15,0,0,0
150,1749062940.0715358,7,541.2282840647143,356.28270560554245,15.740112367794502,100,0.95,14.999999999999963,0,1,70.14213447501814,0.7454790294055458,1e-15,0,0,0
150,1749062940.0715358,8,19.35131318880758,85.25436475869442,15.792194286952924,98.92776187008587,0.95,14.999999999999963,0,1,68.39440180142502,0.31460902789929074,1e-15,0,0,0
150,1749062940.0715358,9,307.8615216783661,546.8434128950477,19.2195269784104,88.64745048431604,0.95,14.999999999999963,0,1,63.7159890792942,0.3833425762474554,1e-15,0,0,0
150,1749062940.0715358,10,92.49117175988437,198.7537377595646,42.42576531719655,71.02540887682892,0.95,14.999999999999963,0,3,64.91483974048874,0.39869470150435726,1e-15,0,0,0
150,1749062940.0715358,11,133.82005045155108,308.1907317769665,13.917229400049983,100,0.95,14.999999999999963,0,2,67.08449110924848,0.5294974067736314,1e-15,0,0,0
150,1749062940.0715358,12,510.58622186918296,273.65626843794405,26.250600645760542,79.96437540014406,0.95,14.999999999999963,0,3,69.4119935377685,0.7728817540312836,1e-15,0,0,0
150,1749062940.0715358,13,373.9122112129905,95.26137248518475,36.222807447957095,58.34560983260634,0.95,14.999999999999963,0,2,64.03615960351698,0.75105859421484,1e-15,0,0,0
150,1749062940.0715358,14,122.55094853659352,167.14207577166627,39.563761828607,99.16275350522265,0.95,14.999999999999963,0,4,68.93049644641954,0.6644102974516853,1e-15,0,0,0
150,1749062940.0715358,15,359.9031474288511,381.17248385298626,27.8991305870281,63.75104937525994,0.95,14.999999999999963,0,3,68.12877993852229,0.3501252450645549,1e-15,0,0,0
150,1749062940.0715358,16,463.0527340366411,261.56494508504124,24.545111203311013,100,0.95,14.999999999999963,0,1,70.97655023149943,0.5368418820669816,1e-15,0,0,0
150,1749062940.0715358,17,518.7741817530336,42.31685464754108,18.217351478137658,82.2059005872784,0.95,14.999999999999963,0,4,67.94388569792665,0.6991266216081039,1e-15,0,0,0
150,1749062940.0715358,18,613.7634509696211,416.73105726618394,41.783546739474914,99.59181311228984,0.95,14.999999999999963,0,2,64.32872309403683,0.6316854854359063,1e-15,0,0,0
150,1749062940.0715358,19,50.09956046752758,420.7131011256159,19.05869981689682,98.78264545634663,0.95,14.999999999999963,0,0,70.15473029966329,0.5292832754593078,1e-15,0,0,0
150,1749062940.0715358,20,242.76186981453614,106.4252311289423,41.51998179018109,89.99280735021144,0.95,14.999999999999963,0,0,65.1186662922674,0.30586717515494793,1e-15,0,0,0
150,1749062940.0715358,21,34.861771249400405,127.78572060024251,25.22508485114728,99.03540704457542,0.95,14.999999999999963,0,3,66.78539536505886,0.46406084072314346,1e-15,0,0,0
150,1749062940.0715358,22,140.87618862210712,305.2034871432428,29.657476120169385,74.95885209773465,0.95,14.999999999999963,0,2,67.38870654943553,0.7577228465540844,1e-15,0,0,0
150,1749062940.0715358,23,521.8314614928602,317.54197234141037,17.557171319138018,100,0.95,14.999999999999963,0,2,63.771860802391885,0.35273263398798377,1e-15,0,0,0
150,1749062940.0715358,24,683.1495999109009,375.0517556756441,22.57075224778715,85.6327633488804,0.95,14.999999999999963,0,0,66.5220701184726,0.6386604988857855,1e-15,0,0,0
150,1749062940.0715358,25,339.03939423637644,344.1886484528171,32.39754957977264,79.55897392510413,0.95,14.999999999999963,0,4,71.9769250990845,0.6172542379434239,1e-15,0,0,0
150,1749062940.0715358,26,478.8770046798679,34.28602268583094,19.383733639437207,74.15789171493074,0.95,7.899999999999988,1,4,64.56481679760942,0.726022982856907,1e-15,0,0,0
150,1749062940.0715358,27,630.9342670625775,281.7855209347811,22.397981894454908,100,0.95,7.39999999999999,1,0,72.71967508612971,0.7756689670020729,1e-15,0,0,0
150,1749062940.0715358,28,227.4416415200874,519.0492183010048,21.494405021216892,100,0.95,7.099999999999991,1,0,69.95369743478739,0.41287299277129264,1e-15,0,0,0
150,1749062940.0715358,29,594.7958471814566,416.5083803434588,39.454536129664874,74.18671802539876,0.95,7.099999999999991,1,1,71.00683232647387,0.6530144749364389,1e-15,0,0,0
150,1749062940.0715358,30,440.45144660245234,115.26883137772691,36.10972938293705,69.02776939722787,0.95,6.999999999999991,1,2,64.7473838756405,0.7080638460145164,1e-15,0,0,0
150,1749062940.0715358,31,28.45187172872532,159.35071935120104,16.354653593153433,84.11983149288184,0.95,6.699999999999992,1,2,68.31131238968122,0.3304264237720105,1e-15,0,0,0
150,1749062940.0715358,32,341.43428004248483,317.0341566691614,28.46854077816333,83.3013916202788,0.95,5.799999999999995,1,1,63.78539763122346,0.3432971933395809,1e-15,0,0,0
150,1749062940.0715358,33,147.10926562076588,216.87264276980687,35.850887147646446,74.43355654851322,0.95,5.1999999999999975,1,3,68.72685689747946,0.7543098637653791,1e-15,0,0,0
150,1749062940.0715358,34,130.43653399399628,247.33765750184196,37.502246241515905,3.0350012796726915,0.05,4.6,1,3,35.2009228972691,0.7553778967492903,1e-15,0,0,0
150,1749062940.0715358,35,620.7039248407985,371.75470865115443,45.705808704756706,53.84842335759592,0.8527376799214144,4.100000000000001,1,2,67.83463511121093,0.698044219591288,1e-15,0,0,0
150,1749062940.0715358,36,462.9389744130448,80.10512123774689,32.64889898756117,74.46400090790893,0.95,3.900000000000002,1,4,64.28441584637008,0.7251845159679303,1e-15,0,0,0
150,1749062940.0715358,37,295.47999926152215,549.6395908741036,19.201217222216233,16.699096994040406,0.05,3.600000000000002,1,1,31.88351711259798,0.3482455821171916,1e-15,0,0,0
150,1749062940.0715358,38,337.3543671966353,381.65451351694395,30.732079336007224,65.11259681136808,0.95,2.9000000000000012,1,4,63.358498519734454,0.29333758827902406,1e-15,0,0,0
150,1749062940.0715358,39,477.4321777957121,19.480461873860445,15.381894314328962,37.339892603884145,0.05,2.700000000000001,1,3,36.72145742655748,0.6150759775749765,1e-15,0,0,0
150,1749062940.0715358,40,370.74450532578794,128.60538014154287,34.97479531064755,58.0153042951751,0.95,2.3000000000000007,1,1,70.72124475568367,0.7977585413220922,1e-15,0,0,0
150,1749062940.0715358,41,533.3282197149592,42.830334798075164,15.293583455847843,21.596069651617153,0.05,2.0000000000000004,2,1,27.954959181820193,0.7989161562397844,1e-15,0,0,0
150,1749062940.0715358,42,130.91099232037823,482.9948315476094,14.460492155414489,43.793074958931,0.11585522214514157,1.5000000000000002,1,2,34.85787889964907,0.45410938640766846,1e-15,0,0,0
150,1749062940.0715358,43,640.654577192174,347.9653423271195,19.944527998970543,55.168629700323784,0.923122908085503,1.5000000000000002,1,1,63.183111168273946,0.7024307137354531,1e-15,0,0,0
150,1749062940.0715358,44,98.23457444415222,201.93870483435515,44.92028168493985,32.366002472161384,0.05,1.4000000000000001,1,3,33.836865894233235,0.38936925250178006,1e-15,0,0,0
150,1749062940.0715358,45,161.60502645535075,196.95511608984367,21.206882861057025,50.631842167697705,0.95,1.2,1,2,63.0299485518158,0.7518515578536783,1e-15,0,0,0
150,1749062940.0715358,46,27.328721229297237,156.93385376714656,13.106219592638869,53.16306051757424,0.95,1.2,2,2,64.21147245867591,0.23882513467104932,1e-15,0,0,0
150,1749062940.0715358,47,294.85521608401,377.26609357889043,26.199520828419278,58.3484504589635,0.95,1.0999999999999999,1,2,64.83287844923204,0.3271204811166651,1e-15,0,0,0
150,1749062940.0715358,48,541.6820602572673,255.20851970165216,28.531396545157477,34.197695620023055,0.05,0.7999999999999999,1,1,35.77427678611596,0.7727699070015189,1e-15,0,0,0
150,1749062940.0715358,49,342.63330428867124,383.58203149687876,31.105792035052623,49.836710769400995,0.5590909141954717,0.7999999999999999,1,4,56.281427010201405,0.6722636659451234,1e-15,0,0,0
150,1749062940.0715358,50,152.0389142716176,284.9643044922352,32.707252856196476,32.81578787074893,0.299235052340458,0.5,1,3,38.40190748490841,0.7662287529262111,1e-15,0,0,0
150,1749062940.0715358,51,481.7047593932195,40.66127092442632,15.78651763123924,47.89029539877124,0.7718308344608095,0.30000000000000004,2,4,65.0341475949249,0.6977785070183706,1e-15,0,0,0
150,1749062940.0715358,52,422.06539155935235,97.70764771864647,38.6987983409255,35.40093884196414,0.6537129829645335,0.30000000000000004,2,3,58.12407866111603,0.6996947092008758,1e-15,0,0,0
150,1749062940.0715358,53,143.1818331162211,479.92053868129153,14.281939522220526,32.736190304696315,0.8711897649121594,0,1,2,35.717576611086265,0.4444837021402096,1e-15,0,0,0
301,1749062950.7413158,0,522.3114127721369,502.2887145082446,41.01756339250747,77.85699743573855,0.95,30.100000000000158,0,1,66.03042852053494,0.5354333621791549,1e-15,0,0,0
301,1749062950.7413158,1,147.4741504538718,118.09225792289205,49.83213608833492,81.85824872705933,0.95,30.100000000000158,0,1,70.18906863986486,0.4002047517449876,1e-15,0,0,0
301,1749062950.7413158,2,270.51539672085073,46.84332452604395,24.995156522786367,87.66413247084432,0.95,30.100000000000158,0,0,72.35711641315294,0.7221216585357315,1e-15,0,0,0
301,1749062950.7413158,3,268.50234761653456,348.60673841463614,36.60162953432435,77.69300347723893,0.95,30.100000000000158,0,3,67.0730848573779,0.5585949778761381,1e-15,0,0,0
301,1749062950.7413158,4,292.16288923107874,580.5872075645981,18.38926311990449,100,0.95,30.100000000000158,0,1,63.142481183106554,0.4825123902198747,1e-15,0,0,0
301,1749062950.7413158,5,20.54090323361719,289.54300955562167,22.099118434865197,100,0.95,30.100000000000158,0,3,66.88109788225204,0.3663089966825476,1e-15,0,0,0
301,1749062950.7413158,6,19.336038854012045,300.11158253044425,17.843810584663785,77.825691008073,0.95,30.100000000000158,0,2,70.79874370133916,0.7916734098252453,1e-15,0,0,0
301,1749062950.7413158,7,492.6125115305288,432.905122305711,15.740112367794502,81.30003501532913,0.95,30.100000000000158,0,3,72.02548270791408,0.7454790294055458,1e-15,0,0,0
301,1749062950.7413158,8,28.003635360218766,12.215434045324209,15.792194286952924,91.69424612081023,0.95,30.100000000000158,0,1,70.2983861317654,0.31460902789929074,1e-15,0,0,0
301,1749062950.7413158,9,338.82708258800824,583.5020717144929,19.2195269784104,100,0.95,30.100000000000158,0,1,72.5029421597762,0.3833425762474554,1e-15,0,0,0
301,1749062950.7413158,10,221.85603341383987,108.26127574404813,42.42576531719655,100,0.95,30.100000000000158,0,2,65.21602792203267,0.39869470150435726,1e-15,0,0,0
301,1749062950.7413158,11,174.40250662086524,298.7322094130235,13.917229400049983,77.37109138865868,0.95,30.100000000000158,0,1,68.32410829437599,0.5294974067736314,1e-15,0,0,0
301,1749062950.7413158,12,478.1134819280121,324.933464218141,26.250600645760542,100,0.95,30.100000000000158,0,5,63.15432114003572,0.7728817540312836,1e-15,0,0,0
301,1749062950.7413158,13,399.20625026604694,63.75294790971678,36.222807447957095,57.98254459073462,0.9076780072620309,30.100000000000158,0,4,65.02039443469128,0.75105859421484,1e-15,0,0,0
301,1749062950.7413158,14,91.10289865813075,92.56740103667825,39.563761828607,60.804436744361254,0.95,30.100000000000158,0,4,67.25035576510875,0.6644102974516853,1e-15,0,0,0
301,1749062950.7413158,15,273.97852946069247,421.75059685779695,27.8991305870281,61.10711259370851,0.95,30.100000000000158,0,4,67.5847285063213,0.3501252450645549,1e-15,0,0,0
301,1749062950.7413158,16,433.2755114281158,255.63679940211205,24.545111203311013,66.56502437776098,0.95,30.100000000000158,0,1,65.39662983652018,0.5368418820669816,1e-15,0,0,0
301,1749062950.7413158,17,457.42003173338543,183.75075137113092,18.217351478137658,100,0.95,30.100000000000158,0,2,71.00289771043407,0.6991266216081039,1e-15,0,0,0
301,1749062950.7413158,18,638.9707126620509,411.1273836674428,41.783546739474914,99.10563241015954,0.95,30.100000000000158,0,7,70.70910470294639,0.6316854854359063,1e-15,0,0,0
301,1749062950.7413158,19,19.41592246741112,433.18970593148737,19.05869981689682,100,0.95,30.100000000000158,0,1,65.84742968152638,0.5292832754593078,1e-15,0,0,0
301,1749062950.7413158,20,187.83659800853172,19.064536821520207,41.51998179018109,99.63931988850105,0.95,30.100000000000158,0,0,71.2349612700335,0.30586717515494793,1e-15,0,0,0
301,1749062950.7413158,21,47.62187705173449,76.80840274199173,25.22508485114728,71.11539361716733,0.95,30.100000000000158,0,4,68.0677299933693,0.46406084072314346,1e-15,0,0,0
301,1749062950.7413158,22,180.27742773279616,377.0784731373306,29.657476120169385,99.94164696969925,0.95,30.100000000000158,0,0,72.13719741733462,0.7577228465540844,1e-15,0,0,0
301,1749062950.7413158,23,442.7007150027436,359.7759386678195,17.557171319138018,80.86840420528392,0.95,30.100000000000158,0,6,70.2875493768495,0.35273263398798377,1e-15,0,0,0
301,1749062950.7413158,24,633.2139461994692,387.43510131010527,22.57075224778715,71.00626089874724,0.95,30.100000000000158,0,6,66.53873428227756,0.6386604988857855,1e-15,0,0,0
301,1749062950.7413158,25,338.0484426296189,232.28838383039925,32.39754957977264,99.34583841101174,0.95,30.100000000000158,0,0,66.38385742467096,0.6172542379434239,1e-15,0,0,0
301,1749062950.7413158,26,515.0560685710384,10,19.383733639437207,100,0.95,23.000000000000057,1,0,64.12600031221002,0.726022982856907,1e-15,0,0,0
301,1749062950.7413158,27,640.9806594193087,227.5444799257187,22.397981894454908,98.8080392358157,0.95,22.50000000000005,1,0,72.15489404812558,0.7756689670020729,1e-15,0,0,0
301,1749062950.7413158,28,351.16520166002,433.93635741429483,21.494405021216892,97.82374246471211,0.95,22.200000000000045,1,4,63.578562718022056,0.41287299277129264,1e-15,0,0,0
301,1749062950.7413158,29,582.1854714350414,331.93973243099674,39.454536129664874,100,0.95,22.200000000000045,1,2,70.13387354561756,0.6530144749364389,1e-15,0,0,0
301,1749062950.7413158,30,353.1305527768105,126.11446307580938,36.10972938293705,78.80778261301866,0.95,22.100000000000044,1,1,72.30052049878742,0.7080638460145164,1e-15,0,0,0
301,1749062950.7413158,31,55.77242425960363,199.30280570426942,16.354653593153433,42.41197740120228,0.05,21.80000000000004,1,5,27.823517585608577,0.3304264237720105,1e-15,0,0,0
301,1749062950.7413158,32,334.00722656010856,333.01309467881083,28.46854077816333,100,0.95,20.900000000000027,1,5,63.20671683040498,0.3432971933395809,1e-15,0,0,0
301,1749062950.7413158,33,155.05955674924024,154.72588828505272,35.850887147646446,100,0.95,20.30000000000002,1,1,69.03302102342724,0.7543098637653791,1e-15,0,0,0
301,1749062950.7413158,34,536.8217026401189,385.70051620013624,45.705808704756706,100,0.95,19.200000000000003,1,3,70.11527726760005,0.698044219591288,1e-15,0,0,0
301,1749062950.7413158,35,420.7827726676041,43.26557351820372,32.64889898756117,58.62684523862993,0.95,19.0,1,5,68.81214924885096,0.7251845159679303,1e-15,0,0,0
301,1749062950.7413158,36,262.6466030758308,307.1192318556088,30.732079336007224,100,0.95,17.999999999999986,1,2,64.17732413179179,0.29333758827902406,1e-15,0,0,0
301,1749062950.7413158,37,444.7339778861167,104.00054223805529,34.97479531064755,99.29220653455543,0.95,17.399999999999977,1,1,68.902264474676,0.7977585413220922,1e-15,0,0,0
301,1749062950.7413158,38,489.2505496873643,386.4542318982652,19.944527998970543,89.05696362256997,0.95,16.599999999999966,1,5,67.23009166462877,0.7024307137354531,1e-15,0,0,0
301,1749062950.7413158,39,224.62035984355268,193.0542600869861,21.206882861057025,100,0.95,16.29999999999996,1,0,66.79887857012193,0.7518515578536783,1e-15,0,0,0
301,1749062950.7413158,40,23.731314979002562,99.79301332816377,13.106219592638869,99.23782729040248,0.95,16.29999999999996,2,1,63.23154991976742,0.23882513467104932,1e-15,0,0,0
301,1749062950.7413158,41,323.04843142323114,335.05151258605406,26.199520828419278,64.88950092486694,0.95,16.19999999999996,1,5,63.868106331856616,0.3271204811166651,1e-15,0,0,0
301,1749062950.7413158,42,302.33602041922256,422.2880320342748,31.105792035052623,78.3469254774967,0.95,15.89999999999996,1,5,70.8897538627327,0.6722636659451234,1e-15,0,0,0
301,1749062950.7413158,43,59.829912840695215,158.49383945791791,35.45022702378805,95.44504264614972,0.95,14.899999999999963,1,1,72.27294663479131,0.6947099356925446,1e-15,0,0,0
301,1749062950.7413158,44,241.77138449451613,590,17.60556128018471,64.9864820191312,0.95,14.399999999999965,1,1,68.97059452263635,0.3678663335927193,1e-15,0,0,0
301,1749062950.7413158,45,23.068574986302515,243.8969414724752,15.16153436770267,68.45272322705758,0.95,14.099999999999966,2,3,67.90210035242822,0.28880361748136973,1e-15,0,0,0
301,1749062950.7413158,46,138.36371126710816,437.44733654958156,16.930272965778215,100,0.95,13.799999999999967,1,0,71.35056143221482,0.5222603295216374,1e-15,0,0,0
301,1749062950.7413158,47,532.1286939553222,284.7786187290101,20.78405457002212,100,0.95,12.99999999999997,1,0,68.63171595364196,0.5240984420512108,1e-15,0,0,0
301,1749062950.7413158,48,581.1835070049408,310.6634900351966,46.69671695532529,100,0.95,12.69999999999997,1,1,65.68713377668237,0.6606470053046265,1e-15,0,0,0
301,1749062950.7413158,49,227.1357923035374,87.82201963631047,24.23415838156234,77.14465011528354,0.95,11.599999999999975,1,2,68.9012395985202,0.6676002295342531,1e-15,0,0,0
301,1749062950.7413158,50,339.09749576823253,97.58681699615146,33.19731418019477,97.64882855311521,0.95,11.599999999999975,2,1,66.4702368635001,0.7388550606137266,1e-15,0,0,0
301,1749062950.7413158,51,377.98359782323627,429.92068477938784,37.074567337548345,81.65767771618034,0.95,11.399999999999975,1,2,70.47180827685546,0.6028902959946717,1e-15,0,0,0
301,1749062950.7413158,52,407.8529696507301,35.926938917800435,31.22745592024511,97.66272182352671,0.95,10.699999999999978,2,5,71.83007554671968,0.6645781001286182,1e-15,0,0,0
301,1749062950.7413158,53,349.2627176594344,343.43778842282126,30.84236390717142,59.343632734888416,0.95,10.29999999999998,2,5,72.86822348371791,0.6327618620099313,1e-15,0,0,0
301,1749062950.7413158,54,641.0805235353399,387.98399504724694,17.62661387401625,93.05514678460295,0.95,8.999999999999984,2,7,70.9783119196485,0.7566283515396456,1e-15,0,0,0
301,1749062950.7413158,55,357.641756457013,524.7651132270541,14.580982392280122,72.83388658106897,0.95,8.699999999999985,1,2,63.50838150991353,0.5167329185393483,1e-15,0,0,0
301,1749062950.7413158,56,312.6230413274261,402.8437427382699,34.30628122046515,100,0.95,8.699999999999985,2,5,69.65397601218461,0.2686938124465046,1e-15,0,0,0
301,1749062950.7413158,57,665.8141344922233,388.17980141796346,40.08628003650213,84.98477915115102,0.95,8.499999999999986,1,6,70.52629494307561,0.5252659001702873,1e-15,0,0,0
301,1749062950.7413158,58,559.6754648321627,419.0210312552187,17.918668669107024,100,0.95,8.299999999999986,1,1,71.30313110574482,0.6751265506634117,1e-15,0,0,0
301,1749062950.7413158,59,89.04270164409664,215.89880748502904,43.09995322690132,67.07052887695696,0.95,7.999999999999988,1,4,64.40286728454082,0.40996948998740124,1e-15,0,0,0
301,1749062950.7413158,60,448.61403587395813,167.23216618373385,37.44186165352358,98.00483966090113,0.95,7.19999999999999,2,2,71.56350667341124,0.8024415128497188,1e-15,0,0,0
301,1749062950.7413158,61,416.3957508456456,320.9526429991024,17.39400439217084,75.9159309755731,0.95,7.19999999999999,2,4,69.7590400698627,0.553241607306492,1e-15,0,0,0
301,1749062950.7413158,62,74.00679749203977,86.63523185036064,43.07796361491496,95.28011849986535,0.95,6.999999999999991,1,4,67.5866882553165,0.7529278236169066,1e-15,0,0,0
301,1749062950.7413158,63,662.745556848533,432.86250815817397,40.836730958822116,99.31260411911747,0.95,6.999999999999991,2,5,65.34949577664395,0.5964635303560645,1e-15,0,0,0
301,1749062950.7413158,64,78.62928365067563,251.8666638700749,19.294704517653475,100,0.95,6.999999999999991,2,3,66.91893344443773,0.35787920772281007,1e-15,0,0,0
301,1749062950.7413158,65,24.601267244301805,445.61781383305737,14.050150706744407,100,0.95,6.999999999999991,2,1,70.32496023614968,0.5371746621970634,1e-15,0,0,0
301,1749062950.7413158,66,75.25677082048074,73.66606732256037,27.19633379196234,85.78899647372894,0.95,6.5999999999999925,1,4,63.15213892624146,0.44200270225936217,1e-15,0,0,0
301,1749062950.7413158,67,307.6690698033151,311.6805429794532,33.69660078814187,99.1415618763137,0.95,6.499999999999993,1,5,63.102177483770646,0.5501022195041946,1e-15,0,0,0
301,1749062950.7413158,68,334.581253209689,518.1242874712725,13.55705759756545,90.71600432404988,0.95,6.499999999999993,1,3,65.55958997457643,0.481913079338106,1e-15,0,0,0
301,1749062950.7413158,69,613.6144512213782,413.3137402921163,40.772294905298835,99.71335826842605,0.95,6.199999999999994,1,5,63.963201186482195,0.6343752181480459,1e-15,0,0,0
301,1749062950.7413158,70,67.67771771307228,526.3272370506783,14.900256126658261,73.62777702960092,0.95,6.199999999999994,2,1,64.19251490465895,0.4890795817370221,1e-15,0,0,0
301,1749062950.7413158,71,420.1234623331301,395.9994394868551,21.252456598957334,85.49861227793616,0.95,6.099999999999994,2,2,71.8137968580409,0.3646941122345779,1e-15,0,0,0
301,1749062950.7413158,72,446.5143806435689,328.59648511804284,25.22835924546325,97.90669836307723,0.95,5.699999999999996,1,6,69.05564098287817,0.5101217546126053,1e-15,0,0,0
301,1749062950.7413158,73,197.8400043565693,577.4017965701872,21.044699406913345,100,0.95,5.599999999999996,2,1,69.10338060089072,0.4058234196077996,1e-15,0,0,0
301,1749062950.7413158,74,312.0544053676397,454.3129874584731,17.26995986598255,89.43661939472501,0.95,5.399999999999997,2,4,63.796893605312334,0.38676537746426276,1e-15,0,0,0
301,1749062950.7413158,75,491.18967395513965,242.57176091637692,16.387353887949377,100,0.95,5.1999999999999975,2,0,65.8267775341498,0.4911857956648525,1e-15,0,0,0
301,1749062950.7413158,76,604.832676165005,264.01311888784676,19.391132067831972,18.1540079511967,0.05,4.200000000000001,2,0,33.82170007089944,0.7350713383152522,1e-15,0,0,0
301,1749062950.7413158,77,422.9158245326697,204.42789440205397,34.408880803465415,72.26013040586513,0.95,4.200000000000001,2,2,65.46285750759588,0.7177950386271212,1e-15,0,0,0
301,1749062950.7413158,78,636.553400493688,422.64284871211305,24.123175629663734,1,0.05,3.900000000000002,1,7,36.17360477422263,0.5600483035452586,1e-15,0,0,0
301,1749062950.7413158,79,550.640903149943,368.81729618579817,42.35559244448974,87.60305645031877,0.95,3.2000000000000015,2,2,69.9373852818083,0.6558627911029068,1e-15,0,0,0
301,1749062950.7413158,80,48.30235079596011,243.84824753086696,18.411862247676677,25.59335396213937,0.05,2.9000000000000012,3,5,32.66741090582999,0.27548157253551525,1e-15,0,0,0
301,1749062950.7413158,81,482.4278929636516,360.8605618131735,19.910853087504808,75.49120244010741,0.95,2.800000000000001,1,7,67.9938125331172,0.7443339257695928,1e-15,0,0,0
301,1749062950.7413158,82,501.1642203505229,337.73381696874577,14.777911873114888,8.227487489183124,0.05,2.600000000000001,1,3,30.452126967828878,0.3177971305752232,1e-15,0,0,0
301,1749062950.7413158,83,446.37747448733154,437.5764676432671,16.309228882475878,68.27321661373159,0.95,2.600000000000001,2,3,68.70510324604518,0.6878015377929391,1e-15,0,0,0
301,1749062950.7413158,84,484.71676082038687,379.41748564561016,20.524053069038864,30.418547444959138,0.05,2.600000000000001,2,5,27.382362400209388,0.6716346843106422,1e-15,0,0,0
301,1749062950.7413158,85,442.9039174772429,298.5194246601828,23.36024208823784,66.00571528993227,0.95,2.3000000000000007,1,5,63.32662043423011,0.48757547773871246,1e-15,0,0,0
301,1749062950.7413158,86,638.5001469198672,428.89132030797737,17.995673850258154,29.320089869510557,0.05,2.3000000000000007,1,7,35.81331880498186,0.5794887216761107,1e-15,0,0,0
301,1749062950.7413158,87,315.6867198738757,482.95020344911774,25.737999324754334,14.749988490961004,0.05,2.2000000000000006,2,2,31.833399763930434,0.4614005911025758,1e-15,0,0,0
301,1749062950.7413158,88,330.02489462112095,343.586642268891,27.65531749013352,51.984496453577336,0.565681719913444,2.1000000000000005,2,5,51.170462447182295,0.2947179067729551,1e-15,0,0,0
301,1749062950.7413158,89,415.916724522392,71.10409626577533,29.670346029418795,26.716382423181145,0.05,2.1000000000000005,3,6,29.41005506113416,0.6982764233879599,1e-15,0,0,0
301,1749062950.7413158,90,30.65752931213938,238.56114656228704,19.456636496359106,35.608681019236485,0.05,2.0000000000000004,3,4,28.030143761603362,0.2872175779822401,1e-15,0,0,0
301,1749062950.7413158,91,431.5666375929118,43.28885666912838,28.81270976346394,35.43803539561331,0.05,1.8000000000000005,2,5,33.86869368100786,0.7572527038626723,1e-15,0,0,0
301,1749062950.7413158,92,12.801697550836847,22.122943732182826,12.608916001393204,26.239193462596806,0.05,1.6000000000000003,1,1,32.49912267698123,0.18068026872069068,1e-15,0,0,0
301,1749062950.7413158,93,483.8215148008985,406.39768941738265,13.749016321604874,33.6028077933568,0.05,1.4000000000000001,1,5,30.366643790389503,0.7976372363575457,1e-15,0,0,0
301,1749062950.7413158,94,401.5729106105316,321.61378529990094,14.506274608254802,56.0929375905303,0.95,1.3,3,4,66.40280749464652,0.575487794818752,1e-15,0,0,0
301,1749062950.7413158,95,284.776365245171,431.115160811827,27.547756927130553,43.8752672706528,0.11069973526138108,1.3,1,5,31.860428989280635,0.3535362555044733,1e-15,0,0,0
301,1749062950.7413158,96,445.7187460370311,37.630270748249224,35.50097775507717,27.168438764990825,0.05,1.2,1,4,31.411745855769148,0.7469412996336167,1e-15,0,0,0
301,1749062950.7413158,97,359.7786306139445,515.2006315567388,12.521498907757397,41.22496502064917,0.20621983257057208,1.2,2,2,33.405477616118226,0.5521606316690614,1e-15,0,0,0
301,1749062950.7413158,98,99.2799644817754,205.8817227159041,39.131421649416964,30.0990518479238,0.05,1.0999999999999999,2,2,28.843580688567137,0.43570477749347064,1e-15,0,0,0
301,1749062950.7413158,99,346.679011671557,327.901296302627,30.913426139747486,54.690201531671285,0.764024701217077,0.8999999999999999,3,7,61.856722709706354,0.7057127696842911,1e-15,0,0,0
301,1749062950.7413158,100,263.0306966365525,409.5922870843914,27.111357625070006,51.791418583313565,0.7219550119884329,0.7999999999999999,1,5,61.768099984099436,0.3403215194822419,1e-15,0,0,0
301,1749062950.7413158,101,224.69241883935084,345.2855940026112,37.74289877030669,43.307100977948934,0.5298321443570755,0.7,1,1,55.57689613177846,0.5735629012092404,1e-15,0,0,0
301,1749062950.7413158,102,379.4173211605785,362.1906023059046,27.107491013617757,53.05598894304742,0.95,0.7,3,3,68.52844835763686,0.6949880842495089,1e-15,0,0,0
301,1749062950.7413158,103,538.4816147363009,496.9107747046366,41.166052352200765,34.98550626701232,0.05,0.6,1,1,32.0709090947042,0.5806613363600135,1e-15,0,0,0
301,1749062950.7413158,104,366.01640435517515,434.76254543927985,41.57533054032531,46.95373046082526,0.9305794716637072,0.6,2,2,62.57697922659239,0.5989455645705618,1e-15,0,0,0
301,1749062950.7413158,105,288.1860775524629,371.4740549249504,29.90339364235377,45.977130214989664,0.6393329561346731,0.5,2,5,54.26299723045888,0.6758582033965387,1e-15,0,0,0
301,1749062950.7413158,106,201.16291385247257,83.16571537694963,29.00871822462019,49.913999717150894,0.95,0.5,2,2,71.09586493221242,0.6657562559374198,1e-15,0,0,0
301,1749062950.7413158,107,84.97442818056865,511.37991279601187,11.449747386151653,56.254272855622226,0.95,0.4,3,1,64.94109500845695,0.41721312287481316,1e-15,0,0,0
301,1749062950.7413158,108,98.58025087468793,81.48811453392973,37.57365960877844,32.71629586409346,0.5271010891469416,0.30000000000000004,1,3,50.8285187231024,0.6974661363122522,1e-15,0,0,0
301,1749062950.7413158,109,20.063931011563827,311.7322807193721,14.747039912908944,44.50363243039747,0.9416459259126444,0.1,1,2,70.67333513315151,0.7585642322601905,1e-15,0,0,0
301,1749062950.7413158,110,141.1483066504023,308.76909320643824,18.168190302463536,45.42087365048443,0.8841223349262606,0.1,1,1,63.87410444291393,0.5218502286467546,1e-15,0,0,0
466,1749062969.5611556,0,650.3367705422039,532.2687682457224,41.01756339250747,61.01603197250023,0.95,46.60000000000039,0,2,69.7547797658554,0.5354333621791549,1e-15,0,0,0
466,1749062969.5611556,1,219.9182948037495,196.73192889233982,49.83213608833492,99.85238644034212,0.95,46.60000000000039,0,5,69.46531623841781,0.4002047517449876,1e-15,0,0,0
466,1749062969.5611556,2,126.16868417118373,102.66554801023815,24.995156522786367,100,0.95,46.60000000000039,0,3,63.155011230847364,0.7221216585357315,1e-15,0,0,0
466,1749062969.5611556,3,369.45649414791416,416.88638074497055,36.60162953432435,100,0.95,46.60000000000039,0,9,65.95390102366994,0.5585949778761381,1e-15,0,0,0
466,1749062969.5611556,4,133.60318708428827,224.13957676081807,22.099118434865197,100,0.95,46.60000000000039,0,3,64.96736832390137,0.3663089966825476,1e-15,0,0,0
466,1749062969.5611556,5,10,307.72682119480083,17.843810584663785,100,0.95,46.60000000000039,0,4,68.33021707743741,0.7916734098252453,1e-15,0,0,0
466,1749062969.5611556,6,501.52701063370927,472.99706694156805,15.740112367794502,100,0.95,46.60000000000039,0,3,63.107244135340416,0.7454790294055458,1e-15,0,0,0
466,1749062969.5611556,7,27.909967204115773,35.43557136891637,15.792194286952924,98.71339087863856,0.95,46.60000000000039,0,3,67.38828993589824,0.31460902789929074,1e-15,0,0,0
466,1749062969.5611556,8,219.82017685046935,422.160346838683,19.2195269784104,94.6776062050815,0.95,46.60000000000039,0,3,68.42024747987644,0.3833425762474554,1e-15,0,0,0
466,1749062969.5611556,9,149.43462091559206,36.19532212605517,42.42576531719655,76.43112818507197,0.95,46.60000000000039,0,7,70.93484552287354,0.39869470150435726,1e-15,0,0,0
466,1749062969.5611556,10,76.2571958541549,353.0176774956047,13.917229400049983,79.85344924999362,0.95,46.60000000000039,0,7,66.26089065947849,0.5294974067736314,1e-15,0,0,0
466,1749062969.5611556,11,424.4413229369365,207.74749895776506,26.250600645760542,100,0.95,46.60000000000039,0,7,70.81799749215351,0.7728817540312836,1e-15,0,0,0
466,1749062969.5611556,12,405.0693199227697,95.89474058171236,36.222807447957095,99.19058316947722,0.95,46.60000000000039,0,8,64.63448753032779,0.75105859421484,1e-15,0,0,0
466,1749062969.5611556,13,23.46326712708455,31.823931087383496,39.563761828607,100,0.95,46.60000000000039,0,3,72.43840849517778,0.6644102974516853,1e-15,0,0,0
466,1749062969.5611556,14,190.48228134657091,479.1270210025335,27.8991305870281,97.69995639608481,0.95,46.60000000000039,0,1,69.20118117611945,0.3501252450645549,1e-15,0,0,0
466,1749062969.5611556,15,442.4784437104863,147.7859686563741,24.545111203311013,81.24315689625817,0.95,46.60000000000039,0,9,65.56863357443626,0.5368418820669816,1e-15,0,0,0
466,1749062969.5611556,16,409.2605911847212,265.71123008131394,18.217351478137658,100,0.95,46.60000000000039,0,6,64.02199240027743,0.6991266216081039,1e-15,0,0,0
466,1749062969.5611556,17,663.915392599993,571.8778038080192,41.783546739474914,100,0.95,46.60000000000039,0,1,72.52996353608054,0.6316854854359063,1e-15,0,0,0
466,1749062969.5611556,18,19.218341368056162,360.5675664465469,19.05869981689682,99.81571471168581,0.95,46.60000000000039,0,5,71.06904378616461,0.5292832754593078,1e-15,0,0,0
466,1749062969.5611556,19,195.11408000211355,27.39147918457185,41.51998179018109,81.54146040411653,0.95,46.60000000000039,0,5,64.79299788722895,0.30586717515494793,1e-15,0,0,0
466,1749062969.5611556,20,80.48038475293129,75.99219620586364,25.22508485114728,99.18012123860055,0.95,46.60000000000039,0,1,71.5989257356798,0.46406084072314346,1e-15,0,0,0
466,1749062969.5611556,21,105.54722475625779,471.68422343298846,29.657476120169385,100,0.95,46.60000000000039,0,0,67.70564959831276,0.7577228465540844,1e-15,0,0,0
466,1749062969.5611556,22,408.0583731956294,357.0781097997535,17.557171319138018,100,0.95,46.60000000000039,0,5,70.95422839256914,0.35273263398798377,1e-15,0,0,0
466,1749062969.5611556,23,591.9693827642785,387.47106610506404,22.57075224778715,100,0.95,46.60000000000039,0,6,71.17722893230042,0.6386604988857855,1e-15,0,0,0
466,1749062969.5611556,24,377.1843670401868,229.65802115803862,32.39754957977264,77.56485334172773,0.95,46.60000000000039,0,4,64.25671631994442,0.6172542379434239,1e-15,0,0,0
466,1749062969.5611556,25,500.1387212009885,127.49642145083035,19.383733639437207,84.80629359300204,0.95,39.50000000000029,1,1,70.98512995607146,0.726022982856907,1e-15,0,0,0
466,1749062969.5611556,26,538.4428666918753,264.9827357262857,22.397981894454908,64.3132590033804,0.95,39.000000000000284,1,10,64.84696924895107,0.7756689670020729,1e-15,0,0,0
466,1749062969.5611556,27,395.1139622350334,458.76259581577744,21.494405021216892,65.52188740966807,0.95,38.70000000000028,1,7,70.8275528738238,0.41287299277129264,1e-15,0,0,0
466,1749062969.5611556,28,591.7040580420222,471.11356223369216,39.454536129664874,61.36604111443913,0.95,38.70000000000028,1,4,66.32808092786694,0.6530144749364389,1e-15,0,0,0
466,1749062969.5611556,29,379.60340368489864,266.9158040357313,36.10972938293705,91.87651074256408,0.95,38.60000000000028,1,5,65.64909655111722,0.7080638460145164,1e-15,0,0,0
466,1749062969.5611556,30,352.78345108380216,379.9196511670412,28.46854077816333,88.3931443948783,0.95,37.40000000000026,1,8,71.75791126626997,0.3432971933395809,1e-15,0,0,0
466,1749062969.5611556,31,279.57773211790914,109.89820155283668,35.850887147646446,59.34261730594121,0.95,36.80000000000025,1,5,72.21266760672627,0.7543098637653791,1e-15,0,0,0
466,1749062969.5611556,32,524.5910850285464,288.71784961060024,45.705808704756706,98.34125460269746,0.95,35.70000000000024,1,12,70.76618202754179,0.698044219591288,1e-15,0,0,0
466,1749062969.5611556,33,453.92436358157,58.64826414599351,32.64889898756117,100,0.95,35.500000000000234,1,4,63.605050936410116,0.7251845159679303,1e-15,0,0,0
466,1749062969.5611556,34,459.5846234391171,33.138837998018985,34.97479531064755,97.2940669469081,0.95,33.90000000000021,1,4,67.15211678270184,0.7977585413220922,1e-15,0,0,0
466,1749062969.5611556,35,568.929890622288,420.3304691208907,19.944527998970543,70.33617785176065,0.95,33.1000000000002,1,7,63.52977001414202,0.7024307137354531,1e-15,0,0,0
466,1749062969.5611556,36,231.77337033107614,219.41459771860812,21.206882861057025,100,0.95,32.800000000000196,1,4,65.23133476399542,0.7518515578536783,1e-15,0,0,0
466,1749062969.5611556,37,10,105.47634097802595,13.106219592638869,88.46304157051047,0.95,32.800000000000196,2,1,70.96475241803645,0.23882513467104932,1e-15,0,0,0
466,1749062969.5611556,38,327.1890996494288,320.6769291067762,26.199520828419278,81.33558910610299,0.95,32.700000000000195,1,3,72.04039958571317,0.3271204811166651,1e-15,0,0,0
466,1749062969.5611556,39,208.8365296783039,397.60827983722277,31.105792035052623,75,0.95,32.40000000000019,1,4,68.71078959163887,0.6722636659451234,1e-15,0,0,0
466,1749062969.5611556,40,24.119834785608685,248.18083929581724,35.45022702378805,99.65238499401735,0.95,31.400000000000176,1,1,66.8000183896799,0.6947099356925446,1e-15,0,0,0
466,1749062969.5611556,41,248.01067720497383,572.3234423706687,17.60556128018471,78.64757386516881,0.95,30.90000000000017,1,3,72.0516251656807,0.3678663335927193,1e-15,0,0,0
466,1749062969.5611556,42,46.31921843392606,332.0377613369665,15.16153436770267,98.5050482790133,0.95,30.600000000000165,2,6,67.50666412513016,0.28880361748136973,1e-15,0,0,0
466,1749062969.5611556,43,214.52010932158134,320.98909050753736,16.930272965778215,66.50306446189339,0.95,30.30000000000016,1,5,71.74487857799245,0.5222603295216374,1e-15,0,0,0
466,1749062969.5611556,44,544.5792705706397,209.94863278524386,20.78405457002212,61.571047153102334,0.95,29.50000000000015,1,1,63.8144382287266,0.5240984420512108,1e-15,0,0,0
466,1749062969.5611556,45,628.5315152735238,329.11324834618466,46.69671695532529,96.11288885102798,0.95,29.200000000000145,1,4,68.58408079618309,0.6606470053046265,1e-15,0,0,0
466,1749062969.5611556,46,161.23163268317077,157.91294548247157,24.23415838156234,100,0.95,28.10000000000013,1,4,63.02211096173265,0.6676002295342531,1e-15,0,0,0
466,1749062969.5611556,47,258.20746781102963,201.83986722404458,33.19731418019477,99.32924124373962,0.95,28.10000000000013,2,4,71.5939953256217,0.7388550606137266,1e-15,0,0,0
466,1749062969.5611556,48,317.496275415056,504.55501245794466,37.074567337548345,75,0.95,27.900000000000126,1,6,69.54819138325647,0.6028902959946717,1e-15,0,0,0
466,1749062969.5611556,49,391.6186353119018,67.15281680387761,31.22745592024511,100,0.95,27.200000000000117,2,2,65.14610767566916,0.6645781001286182,1e-15,0,0,0
466,1749062969.5611556,50,207.71547397798966,333.67941204395487,30.84236390717142,88.83383601897033,0.95,26.80000000000011,2,5,69.28918586409071,0.6327618620099313,1e-15,0,0,0
466,1749062969.5611556,51,695.7963297114667,429.81543821631664,17.62661387401625,98.58760755713912,0.95,25.500000000000092,2,4,67.82963381986588,0.7566283515396456,1e-15,0,0,0
466,1749062969.5611556,52,438.2248575318946,556.3322287722663,14.580982392280122,100,0.95,25.200000000000088,1,7,69.32435802625612,0.5167329185393483,1e-15,0,0,0
466,1749062969.5611556,53,227.3013231091555,391.47452582879765,34.30628122046515,100,0.95,25.200000000000088,2,4,65.6901453959119,0.2686938124465046,1e-15,0,0,0
466,1749062969.5611556,54,663.8025943716049,437.6882767604879,40.08628003650213,100,0.95,25.000000000000085,1,9,70.08993454337991,0.5252659001702873,1e-15,0,0,0
466,1749062969.5611556,55,529.2477398485073,341.96079577657116,17.918668669107024,100,0.95,24.800000000000082,1,6,69.29195228781961,0.6751265506634117,1e-15,0,0,0
466,1749062969.5611556,56,134.66628971799773,153.55163339465992,43.09995322690132,74.42258675724803,0.95,24.500000000000078,1,4,65.09246783231075,0.40996948998740124,1e-15,0,0,0
466,1749062969.5611556,57,406.2618142507599,163.52588213527073,37.44186165352358,100,0.95,23.700000000000067,2,10,67.47698119579638,0.8024415128497188,1e-15,0,0,0
466,1749062969.5611556,58,471.79412741448874,310.33583849687534,17.39400439217084,74.51652753837634,0.95,23.700000000000067,2,10,70.68115747431835,0.553241607306492,1e-15,0,0,0
466,1749062969.5611556,59,10,57.47027761584396,43.07796361491496,100,0.95,23.500000000000064,1,4,67.29814974378357,0.7529278236169066,1e-15,0,0,0
466,1749062969.5611556,60,633.1299041887468,421.51740518531227,40.836730958822116,38.18071079719258,0.05,23.500000000000064,2,9,33.20775229699318,0.5964635303560645,1e-15,0,0,0
466,1749062969.5611556,61,31.646298088337055,308.7196366134865,19.294704517653475,99.74766685996845,0.95,23.500000000000064,2,4,64.82320379554535,0.35787920772281007,1e-15,0,0,0
466,1749062969.5611556,62,15.340398238664397,455.6787800490451,14.050150706744407,100,0.95,23.500000000000064,2,4,66.37003873632077,0.5371746621970634,1e-15,0,0,0
466,1749062969.5611556,63,145.04667518427362,25.02611343824247,27.19633379196234,87.9842607467523,0.95,23.10000000000006,1,5,66.84408508176404,0.44200270225936217,1e-15,0,0,0
466,1749062969.5611556,64,205.5330051184256,163.91130084210388,33.69660078814187,71.98274965851596,0.95,23.000000000000057,1,4,67.79776890591577,0.5501022195041946,1e-15,0,0,0
466,1749062969.5611556,65,425.12205986617965,590,13.55705759756545,84.68596947362171,0.95,23.000000000000057,1,4,72.70478441882165,0.481913079338106,1e-15,0,0,0
466,1749062969.5611556,66,704.2709702279003,389.01179452668055,40.772294905298835,99.60973097091977,0.95,22.700000000000053,1,2,65.52389164205208,0.6343752181480459,1e-15,0,0,0
466,1749062969.5611556,67,140.05350652351058,514.8320415746721,14.900256126658261,100,0.95,22.700000000000053,2,0,70.43738062579217,0.4890795817370221,1e-15,0,0,0
466,1749062969.5611556,68,289.46168123399445,513.886502801202,21.252456598957334,80.67372760928805,0.95,22.60000000000005,2,7,63.4461365678404,0.3646941122345779,1e-15,0,0,0
466,1749062969.5611556,69,503.6695978385309,287.8925346343406,25.22835924546325,99.03962959592938,0.95,22.200000000000045,1,11,72.85571052867228,0.5101217546126053,1e-15,0,0,0
466,1749062969.5611556,70,334.22195185866786,567.5079949901896,21.044699406913345,100,0.95,22.100000000000044,2,1,63.58504904054833,0.4058234196077996,1e-15,0,0,0
466,1749062969.5611556,71,232.86779924642556,482.7617825038231,17.26995986598255,100,0.95,21.90000000000004,2,2,70.35988410896383,0.38676537746426276,1e-15,0,0,0
466,1749062969.5611556,72,527.7031950860467,218.53288894638212,16.387353887949377,82.80565440548922,0.95,21.70000000000004,2,4,68.41056605860862,0.4911857956648525,1e-15,0,0,0
466,1749062969.5611556,73,413.3525679762402,183.06886530339253,34.408880803465415,69.96355975468738,0.95,20.700000000000024,2,10,66.23052545128097,0.7177950386271212,1e-15,0,0,0
466,1749062969.5611556,74,553.8854822563853,362.23793588326,42.35559244448974,84.11450870477877,0.95,19.70000000000001,2,8,65.6745859674553,0.6558627911029068,1e-15,0,0,0
466,1749062969.5611556,75,467.0036776324902,493.6563820786443,19.910853087504808,83.9531234620632,0.95,19.300000000000004,1,4,65.29733981605165,0.7443339257695928,1e-15,0,0,0
466,1749062969.5611556,76,532.3700961327744,390.3083256539961,16.309228882475878,100,0.95,19.1,2,8,63.55181437647278,0.6878015377929391,1e-15,0,0,0
466,1749062969.5611556,77,507.0552505633313,303.34227958521666,23.36024208823784,47.40531147723296,0.5579060404839674,18.799999999999997,1,11,49.148635681659286,0.48757547773871246,1e-15,0,0,0
466,1749062969.5611556,78,358.7550516719582,294.0542304261086,14.506274608254802,83.13572924382738,0.95,17.799999999999983,3,6,71.51160533157324,0.575487794818752,1e-15,0,0,0
466,1749062969.5611556,79,437.1557971468249,232.77785979591926,30.913426139747486,60.287838989024145,0.95,17.399999999999977,3,6,72.14530124945674,0.7057127696842911,1e-15,0,0,0
466,1749062969.5611556,80,373.92913807845866,414.2558062430434,27.111357625070006,98.24511421170978,0.95,17.299999999999976,1,8,69.80774565066642,0.3403215194822419,1e-15,0,0,0
466,1749062969.5611556,81,425.59265186476625,424.03198791830897,27.107491013617757,100,0.95,17.199999999999974,3,6,71.42343723821168,0.6949880842495089,1e-15,0,0,0
466,1749062969.5611556,82,227.7436395565868,529.9811949949539,41.57533054032531,89.5121480874155,0.95,17.099999999999973,2,5,69.77682878193036,0.5989455645705618,1e-15,0,0,0
466,1749062969.5611556,83,372.74323314495837,178.92264948873995,29.00871822462019,97.67459242516,0.95,16.99999999999997,2,6,69.9493301955812,0.6657562559374198,1e-15,0,0,0
466,1749062969.5611556,84,18.709796101674556,407.5795729625079,11.449747386151653,75.07740454884734,0.95,16.89999999999997,3,7,72.21954020076885,0.41721312287481316,1e-15,0,0,0
466,1749062969.5611556,85,453.6576318768684,343.1080828176554,18.860523228723668,98.11445061941204,0.95,16.29999999999996,1,4,69.58060584137405,0.7521968167177874,1e-15,0,0,0
466,1749062969.5611556,86,10,170.5182898425775,23.55720963632982,100,0.95,16.29999999999996,1,2,70.76292510609738,0.4353456964283465,1e-15,0,0,0
466,1749062969.5611556,87,36.58530476891324,493.97423039852293,20.390530829233697,100,0.95,15.79999999999996,1,4,70.63236155882105,0.533247422103525,1e-15,0,0,0
466,1749062969.5611556,88,501.49369845766915,332.3544874272207,12.922373171518199,88.53580581166582,0.95,15.59999999999996,3,8,63.95599915077432,0.49335223994396754,1e-15,0,0,0
466,1749062969.5611556,89,266.2105397411945,94.57446053537417,33.601458935801936,75.38205681872138,0.95,15.399999999999961,2,5,64.6864779272791,0.6914151983030681,1e-15,0,0,0
466,1749062969.5611556,90,418.0777898369148,536.2833779584917,14.152689233102329,100,0.95,15.299999999999962,1,5,63.85957512784781,0.4550304356697477,1e-15,0,0,0
466,1749062969.5611556,91,143.37829337855638,87.88272195732891,17.61046657694464,100,0.95,15.299999999999962,2,2,66.47193873826485,0.709966111788213,1e-15,0,0,0
466,1749062969.5611556,92,425.3405248266701,552.4463034228128,17.801379954293317,99.94330858676287,0.95,15.199999999999962,1,7,70.06142288638351,0.3680272732671769,1e-15,0,0,0
466,1749062969.5611556,93,42.639420692306814,408.5297228733082,17.191203531197647,81.94150515288354,0.95,15.199999999999962,1,5,65.47777142432051,0.5071502163584165,1e-15,0,0,0
466,1749062969.5611556,94,247.96420123417238,37.68461310321716,36.96771498288928,100,0.95,14.799999999999963,1,3,67.09995015486986,0.25177538216596196,1e-15,0,0,0
466,1749062969.5611556,95,260.2295844436954,270.32443245986286,28.60688947577389,99.48836850811186,0.95,13.799999999999967,2,3,67.63941226975653,0.5631748059452985,1e-15,0,0,0
466,1749062969.5611556,96,423.5402190701784,402.6447403330522,30.394025859778175,100,0.95,13.899999999999967,3,6,68.07084913266603,0.22705655779201284,1e-15,0,0,0
466,1749062969.5611556,97,585.07496901684,450.58837050087556,39.02454941924893,93.83420846541118,0.95,13.899999999999967,2,5,66.28680345989625,0.6739802627228676,1e-15,0,0,0
466,1749062969.5611556,98,97.74030203984447,50.65756778922986,16.300685694094298,100,0.95,13.799999999999967,1,4,64.03117434003644,0.3940980906421678,1e-15,0,0,0
466,1749062969.5611556,99,62.459146849396824,513.8631669791064,13.404705085659662,99.53166267962953,0.95,13.599999999999968,3,1,71.1032096242013,0.48219650417006477,1e-15,0,0,0
466,1749062969.5611556,100,231.66590364714142,249.47741149287032,19.021472218485087,87.46004194393049,0.95,13.299999999999969,1,4,63.425423229907,0.38900070908810935,1e-15,0,0,0
466,1749062969.5611556,101,481.54369246960545,302.76678832825655,21.470473550440015,98.05406773581596,0.95,13.199999999999969,2,9,63.75218958334874,0.5126529627050441,1e-15,0,0,0
466,1749062969.5611556,102,591.9926939902252,345.2442947381257,15.316330365682168,100,0.95,13.09999999999997,2,6,66.5337249981766,0.5973693989066762,1e-15,0,0,0
466,1749062969.5611556,103,209.0359694584135,552.9440540900106,13.105397117002521,100,0.95,12.79999999999997,2,3,67.80706956882541,0.3662156076495429,1e-15,0,0,0
466,1749062969.5611556,104,110.36902727079146,337.9820603228831,12.314439438116443,80.66115370374324,0.95,12.599999999999971,1,5,68.74015755251345,0.558880540289518,1e-15,0,0,0
466,1749062969.5611556,105,418.57850072039366,389.362335014679,19.577582980424644,99.31801674014825,0.95,12.499999999999972,1,6,66.9273059246874,0.3550582922156762,1e-15,0,0,0
466,1749062969.5611556,106,466.93890715346765,236.40499893852947,26.555085734304747,100,0.95,12.299999999999972,1,5,70.00620402100012,0.802894796539202,1e-15,0,0,0
466,1749062969.5611556,107,399.8035817760168,141.39426175189033,31.437874488003985,82.07688144199241,0.95,12.299999999999972,2,11,71.5992811151625,0.7201422959539829,1e-15,0,0,0
466,1749062969.5611556,108,320.89393247562657,315.51431133929214,27.11012554513811,99.52434400912813,0.95,11.999999999999973,2,4,72.70818217861206,0.2922742035093657,1e-15,0,0,0
466,1749062969.5611556,109,282.0566042508666,534.4522254211558,13.733593049603307,85.0926319350049,0.95,11.899999999999974,2,7,68.17912289454647,0.3800473594423603,1e-15,0,0,0
466,1749062969.5611556,110,772.6123242214305,225.88181463999868,48.426700008667716,58.89080531355985,0.95,11.899999999999974,2,2,65.92138317722286,0.6520932956986081,1e-15,0,0,0
466,1749062969.5611556,111,465.7302154583234,28.339246556694633,29.4821850117241,100,0.95,11.799999999999974,2,3,72.98036230877867,0.7872800381097108,1e-15,0,0,0
466,1749062969.5611556,112,123.35757796023807,392.2339296704733,18.71209442359902,67.26110483024877,0.95,11.699999999999974,1,2,64.92490612742984,0.5501083179812098,1e-15,0,0,0
466,1749062969.5611556,113,648.2696971885077,404.6206011518786,40.26695944786178,83.95127921005188,0.95,11.599999999999975,2,7,70.2244686091479,0.5333702809243114,1e-15,0,0,0
466,1749062969.5611556,114,551.7248251230747,283.23649347973696,49.83836201686793,79.95491397856452,0.95,10.799999999999978,2,7,64.57920663105637,0.715696744185234,1e-15,0,0,0
466,1749062969.5611556,115,716.7982319333096,491.73105493558313,40.59988330980577,85.29714298155884,0.95,10.499999999999979,1,1,68.68693651230873,0.47605121391957494,1e-15,0,0,0
466,1749062969.5611556,116,596.2402520952954,401.0570825795404,40.72387783512793,83.01221554288526,0.95,10.499999999999979,2,5,66.29917759011596,0.7850740219661542,1e-15,0,0,0
466,1749062969.5611556,117,48.03838600556838,194.88544976044355,8.120751361486406,89.01932297956685,0.95,9.99999999999998,3,2,64.72217631909007,0.2932933767067816,1e-15,0,0,0
466,1749062969.5611556,118,84.0957295377026,165.68634525932126,34.90584633850006,62.33936273044969,0.95,9.89999999999998,2,5,71.74677124170265,0.7291997483075102,1e-15,0,0,0
466,1749062969.5611556,119,362.672973545661,383.50086290086637,22.15262657033289,100,0.95,9.799999999999981,2,11,65.77168780759193,0.35632152500393377,1e-15,0,0,0
466,1749062969.5611556,120,212.5293291051664,34.29902112906107,26.990712929415313,47.76337910422081,0.5921419962401195,9.399999999999983,2,5,52.35216492690042,0.6663898872671747,1e-15,0,0,0
466,1749062969.5611556,121,423.7862757151389,587.0920791119657,12.941258719277887,100,0.95,9.299999999999983,2,4,69.88311430239689,0.5364865508239606,1e-15,0,0,0
466,1749062969.5611556,122,335.7884907329605,261.50756390143164,37.24481930809051,89.75126551214947,0.95,9.199999999999983,2,2,69.53721281599196,0.6364699420657082,1e-15,0,0,0
466,1749062969.5611556,123,457.24168073415314,541.7076195349713,14.627229841386427,69.90284201752208,0.95,8.999999999999984,2,5,66.32243928063231,0.4797381329075569,1e-15,0,0,0
466,1749062969.5611556,124,356.225397271516,395.27368369169403,23.589762666963587,100,0.95,8.899999999999984,4,7,71.85218472925813,0.7072222960888909,1e-15,0,0,0
466,1749062969.5611556,125,530.4684002737758,411.7927949086339,16.56566413745972,96.36047501406644,0.95,8.599999999999985,1,6,65.43819965998765,0.7648203063640845,1e-15,0,0,0
466,1749062969.5611556,126,605.3662541596794,332.0364749259434,24.90970090521182,99.83088423093201,0.95,8.599999999999985,2,3,72.18207237319052,0.7658710818070104,1e-15,0,0,0
466,1749062969.5611556,127,325.7912221814567,457.64106837092373,31.816187718116243,100,0.95,8.499999999999986,3,5,70.612583283612,0.7022959365422642,1e-15,0,0,0
466,1749062969.5611556,128,31.13441655542358,458.06150849143495,10.861109095274063,88.3750826181374,0.95,8.499999999999986,4,4,72.16876281291141,0.38112787330579945,1e-15,0,0,0
466,1749062969.5611556,129,224.5335278243654,301.97385736232786,33.58886175530336,86.91810626627449,0.95,7.999999999999988,2,5,69.01428106172199,0.51632496784182,1e-15,0,0,0
466,1749062969.5611556,130,375.47788417799114,117.62142347214426,22.355852348530938,86.75856271532905,0.95,7.899999999999988,1,5,66.66557809616845,0.7516329095569166,1e-15,0,0,0
466,1749062969.5611556,131,377.216591832852,457.7376617884697,18.1412701219249,85.1680057582951,0.95,7.699999999999989,2,6,68.995571629887,0.44574788757791917,1e-15,0,0,0
466,1749062969.5611556,132,409.0187486121338,117.83534185921793,33.159705542437194,79.06765531924076,0.95,7.699999999999989,2,8,71.41081287824233,0.7491779377197438,1e-15,0,0,0
466,1749062969.5611556,133,161.00518471798208,237.1032438153271,20.97653614393579,74.51913683716224,0.95,7.599999999999989,1,2,67.70542216598908,0.3440864210120569,1e-15,0,0,0
466,1749062969.5611556,134,642.5328304414012,419.8673143903964,45.003574931174356,100,0.95,7.39999999999999,2,9,72.21243465220013,0.7136484105237255,1e-15,0,0,0
466,1749062969.5611556,135,315.7838428398971,116.2718648092493,29.73988684608708,1,0.05,7.19999999999999,3,6,34.79890575532813,0.6822150296093048,1e-15,0,0,0
466,1749062969.5611556,136,108.67221721332017,289.06365000103216,11.798460278749545,81.72403735455022,0.95,7.099999999999991,1,3,64.66866270402384,0.476974383533894,1e-15,0,0,0
466,1749062969.5611556,137,678.0850143979864,460.1161067363122,44.8936240614201,1,0.05,7.099999999999991,2,6,30.482014283888223,0.3522660980367671,1e-15,0,0,0
466,1749062969.5611556,138,101.32917367055603,323.80872317272593,20.17285080990848,100,0.95,7.099999999999991,3,5,67.80035603015497,0.4407414447952717,1e-15,0,0,0
466,1749062969.5611556,139,636.6009473471972,468.37515422691655,23.13679073279537,99.69166647735129,0.95,6.999999999999991,2,10,66.5950834251194,0.6922886241237705,1e-15,0,0,0
466,1749062969.5611556,140,437.80913948004087,129.50296831667347,40.11757905928502,75,0.95,6.699999999999992,2,8,64.70805478796828,0.7011238654490695,1e-15,0,0,0
466,1749062969.5611556,141,665.984005541366,332.3925707703717,35.801385849602866,99.27563169431697,0.95,6.299999999999994,3,1,63.80925018583838,0.7109452273046196,1e-15,0,0,0
466,1749062969.5611556,142,641.4657857147452,436.9080086225501,15.483943158218054,20.728552571850102,0.05,6.099999999999994,3,8,35.15742981983001,0.6098193382834449,1e-15,0,0,0
467,1749062969.5611556,143,23.566744784957482,284.8225292691889,15.251684159141323,14.451932272878606,0.05,5.799999999999995,1,4,29.97910886129636,0.8519657261986372,1e-15,0,0,0
467,1749062969.5611556,144,585.684567758691,487.02394906109265,11.861028964449682,99.7819631467163,0.95,5.799999999999995,1,4,67.33321082855555,0.7289064003741331,1e-15,0,0,0
467,1749062969.5611556,145,422.81965557850253,210.0574713549941,30.661367148336463,66.45901415563698,0.95,5.699999999999996,3,8,70.74522520612916,0.6739781542420558,1e-15,0,0,0
467,1749062969.5611556,146,292.17535975314047,44.0691211389175,30.43935652903258,90.20244254832915,0.95,5.599999999999996,3,2,71.66754407864961,0.6892670460595398,1e-15,0,0,0
467,1749062969.5611556,147,355.9554675638218,463.9224865904297,22.21618335195019,20.60918784283962,0.05,5.399999999999997,2,5,29.089399041821643,0.27826816466549786,1e-15,0,0,0
467,1749062969.5611556,148,247.1933880789947,534.976830652024,16.987271470142325,99.41421960757988,0.95,5.399999999999997,3,7,71.78043573601764,0.35119167871941076,1e-15,0,0,0
467,1749062969.5611556,149,720.2782419734232,317.4202659266052,45.42151566708074,92.07021186197393,0.95,5.399999999999997,3,0,67.54161055961868,0.6832958614094372,1e-15,0,0,0
467,1749062969.5611556,150,611.8625133320404,500.23245310705977,37.662256538368034,11.234879692193775,0.05,5.299999999999997,1,5,27.4111614119806,0.6164015848839921,1e-15,0,0,0
467,1749062969.5611556,151,393.19636324378115,349.87387835796716,13.599585989602367,15.811819925601728,0.05,5.299999999999997,4,6,36.07341995601779,0.5729468489500542,1e-15,0,0,0
467,1749062969.5611556,152,639.1761018718645,502.5439384657519,41.28745086070658,7.031080908480482,0.05,5.099999999999998,2,3,29.67188295943501,0.45124202505516137,1e-15,0,0,0
467,1749062969.5611556,153,34.87905120302387,401.4508976175692,19.59510760301308,81.73815286177276,0.95,4.999999999999998,2,5,70.72022143400889,0.4928250547504148,1e-15,0,0,0
467,1749062969.5611556,154,446.2837721860818,307.6719641807017,38.06846264864146,76.48616974310073,0.95,4.899999999999999,2,5,64.0306147026894,0.7233026390235942,1e-15,0,0,0
467,1749062969.5611556,155,541.6326014598077,385.74603142316414,19.398331817799082,96.68180048358812,0.95,4.899999999999999,3,9,63.91892512075272,0.7614303526047459,1e-15,0,0,0
467,1749062969.5611556,156,782.9552963110167,257.45217852913277,45.181757514977306,72.32522024180263,0.95,4.799999999999999,3,1,65.33880176135249,0.6628500052746245,1e-15,0,0,0
467,1749062969.5611556,157,207.49817173532793,183.32570378990627,31.40176359311532,80.94536005514934,0.95,4.6,2,4,71.04416647040507,0.617320048368963,1e-15,0,0,0
467,1749062969.5611556,158,213.4090108497092,360.37492802660915,9.121437876843826,76.37736433901732,0.95,4.300000000000001,2,5,64.20929361183202,0.6184390702888493,1e-15,0,0,0
467,1749062969.5611556,159,463.7286291419793,61.98704621146567,40.52125415447892,77.63475936267552,0.95,4.200000000000001,3,4,66.68551786332361,0.8764616739177608,1e-15,0,0,0
467,1749062969.5611556,160,122.12294673418714,40.02659497175817,46.60537176415924,86.12849533951132,0.95,4.100000000000001,1,5,72.47443989952438,0.39149505355012365,1e-15,0,0,0
467,1749062969.5611556,161,29.652410948235023,391.20564660752433,21.715607455144177,83.90380651471024,0.95,4.100000000000001,1,5,72.67784498070856,0.5253997959969033,1e-15,0,0,0
467,1749062969.5611556,162,117.51770211234755,19.53233563137413,25.04069099376812,72.98291597215199,0.95,4.100000000000001,2,5,72.61643264760575,0.5193929103473466,1e-15,0,0,0
467,1749062969.5611556,163,328.6868752481054,157.42276094754737,31.05750883055186,23.602766269823228,0.05,3.900000000000002,3,3,27.5434666401889,0.6617185083872675,1e-15,0,0,0
467,1749062969.5611556,164,35.82995857349427,27.826857115798155,13.956533440974056,18.190509600042947,0.05,3.800000000000002,1,3,33.08061043758365,0.3048768248377741,1e-15,0,0,0
467,1749062969.5611556,165,312.7581295480619,266.72289582589383,36.353967904359976,7.679350825693744,0.05,3.600000000000002,3,3,33.9251916503679,0.6597656877264817,1e-15,0,0,0
467,1749062969.5611556,166,546.2376979118363,371.5260635153926,16.3892541921901,69.52881247623367,0.95,3.5000000000000018,2,7,71.26480461692266,0.6485624013185044,1e-15,0,0,0
467,1749062969.5611556,167,447.8961576488161,292.02996336425065,34.842138940940096,11.577948769516121,0.05,3.4000000000000017,4,6,34.24642797457202,0.7479756306542379,1e-15,0,0,0
467,1749062969.5611556,168,113.4297964392749,207.20939766407864,19.917512510264658,23.465912739809674,0.05,3.1000000000000014,1,2,29.93492547572874,0.3122236851672638,1e-15,0,0,0
467,1749062969.5611556,169,390.1769760787444,381.5145833065126,19.898808213558528,29.403223580851293,0.05,3.1000000000000014,3,11,35.781490563999384,0.35434201054654646,1e-15,0,0,0
467,1749062969.5611556,170,661.2695139824192,380.4781689344046,36.21885014225873,18.64385666210433,0.05,3.0000000000000013,3,5,28.009856596524784,0.6117815862223587,1e-15,0,0,0
467,1749062969.5611556,171,423.89834281848425,65.8107216163019,38.385764960130246,12.448182729090545,0.05,2.9000000000000012,2,5,30.084014209300953,0.8077816580383378,1e-15,0,0,0
467,1749062969.5611556,172,354.9472224247059,132.1763372171486,36.502645826428214,22.01810959202526,0.05,2.800000000000001,3,5,36.926321679724325,0.7854729317519741,1e-15,0,0,0
467,1749062969.5611556,173,363.1372968296759,409.0731026938381,29.773316240535067,27.679424737081078,0.05,2.800000000000001,2,7,28.432365173527476,0.3612900384273336,1e-15,0,0,0
467,1749062969.5611556,174,489.16873477109317,266.61713333610794,33.38850629049336,19.212162731708442,0.05,2.700000000000001,4,11,32.40708915475162,0.6435089544271114,1e-15,0,0,0
467,1749062969.5611556,175,391.35943721375077,268.7979661427931,33.63702649230379,68.04790901864067,0.95,2.600000000000001,2,4,70.88419552199136,0.6641015589741708,1e-15,0,0,0
467,1749062969.5611556,176,260.78514612936533,299.3434561612879,27.034248531524963,26.683048371036968,0.05,2.600000000000001,3,2,35.56646122824945,0.2775663042755476,1e-15,0,0,0
467,1749062969.5611556,177,436.7633030097225,493.26757542258974,11.322755825616724,61.00691491394677,0.95,2.500000000000001,2,4,70.03138480769644,0.4864191776622522,1e-15,0,0,0
467,1749062969.5611556,178,223.52303925520877,76.69362780351497,24.7128463389317,20.653386707737166,0.05,2.400000000000001,3,4,36.88902403510477,0.7669800634305923,1e-15,0,0,0
467,1749062969.5611556,179,301.2218123459371,503.61552311556613,17.901708900300562,62.91232300472442,0.95,2.3000000000000007,1,6,67.64125241647194,0.38572527874243834,1e-15,0,0,0
467,1749062969.5611556,180,508.26033098880214,389.51206242048596,17.00872741496803,23.57821761192313,0.05,2.1000000000000005,2,5,30.98809330223297,0.751822272015456,1e-15,0,0,0
467,1749062969.5611556,181,499.1621935252994,248.02023554979064,18.713475589079174,28.34042548555896,0.05,2.0000000000000004,3,8,34.53221696066554,0.5666352431399168,1e-15,0,0,0
467,1749062969.5611556,182,257.2959534953969,526.0233845154711,43.573503444310326,24.12734249920205,0.05,1.9000000000000006,3,6,31.939514997798177,0.531290039035464,1e-15,0,0,0
467,1749062969.5611556,183,196.8559632100896,541.0031334580605,22.32281701072951,63.33805391238817,0.95,1.8000000000000005,2,2,64.4351201373574,0.42977711461794854,1e-15,0,0,0
467,1749062969.5611556,184,358.78694791060417,339.3970482101886,24.30025983655504,40.383845914363796,0.05,1.7000000000000004,2,6,29.064740752567772,0.27945893748596123,1e-15,0,0,0
467,1749062969.5611556,185,467.18092935543064,186.25010831040532,21.425676505538732,56.9680075871337,0.95,1.7000000000000004,2,4,64.47961178681119,0.677747515592245,1e-15,0,0,0
467,1749062969.5611556,186,415.1618336831547,588.5695022078842,14.44350308200279,35.358439156188346,0.05,1.7000000000000004,2,4,30.976126734800573,0.4892274678644133,1e-15,0,0,0
467,1749062969.5611556,187,738.2233598203853,217.4087313920148,46.72973406933953,26.361340447474657,0.05,1.7000000000000004,3,1,29.489939009773597,0.5579828544910774,1e-15,0,0,0
467,1749062969.5611556,188,496.18471002883143,512.037399486754,15.651732208318611,18.66472085394782,0.05,1.6000000000000003,3,4,29.771525448018096,0.4951219463311884,1e-15,0,0,0
467,1749062969.5611556,189,17.647234354119394,464.4160602889723,11.555837454997636,14.40523395912248,0.05,1.6000000000000003,5,3,33.74125256174584,0.3967756301811743,1e-15,0,0,0
467,1749062969.5611556,190,420.2192540873334,448.7010917195234,25.103801034445354,26.710050463231994,0.05,1.5000000000000002,2,6,28.82688987106451,0.4027671609434219,1e-15,0,0,0
467,1749062969.5611556,191,520.8258038455672,256.64154283130296,19.488071489028655,23.703085988698085,0.05,1.5000000000000002,2,10,31.230581169376443,0.4480829685686726,1e-15,0,0,0
467,1749062969.5611556,192,538.1511669718785,371.89788218880545,10.423449288752607,28.625196466338014,0.05,1.5000000000000002,4,7,27.95974601280579,0.48683859955206366,1e-15,0,0,0
467,1749062969.5611556,193,99.76688448732543,307.73575968858995,16.097043048484235,54.816795206992424,0.7400251271751103,1.5000000000000002,2,4,55.276757122828755,0.44180413109898764,1e-15,0,0,0
467,1749062969.5611556,194,507.98957055801003,111.98664422149803,18.50161141948301,21.131462378353,0.05,1.4000000000000001,2,1,28.75019406728371,0.7950193890930509,1e-15,0,0,0
467,1749062969.5611556,195,571.9168919896198,273.9471147912745,22.776139327830663,62.48701736443965,0.95,1.4000000000000001,2,4,66.17794160623728,0.7515305549521679,1e-15,0,0,0
467,1749062969.5611556,196,342.65051973735297,368.99646259164325,28.354103128716503,33.279152518351204,0.05,1.4000000000000001,2,8,27.10459581427451,0.2988619822389798,1e-15,0,0,0
467,1749062969.5611556,197,412.70992279534653,460.1505312456642,16.841613765333108,25.388372093614606,0.05,1.3,2,5,29.226104306046878,0.4482499604832471,1e-15,0,0,0
467,1749062969.5611556,198,243.51140410065432,238.17696096127298,23.776279306816928,28.147325398272123,0.05,1.3,2,5,32.99658211240774,0.4711950010373491,1e-15,0,0,0
467,1749062969.5611556,199,583.4320979189096,336.8788233475208,39.73804844753493,21.47999055948096,0.05,1.2,3,3,28.21458699584834,0.7713783746688421,1e-15,0,0,0
467,1749062969.5611556,200,545.5700420824157,428.3682107069917,15.576091574744426,47.421880442558574,0.3877582277761443,1.0999999999999999,2,5,50.293159851282155,0.8265210321776288,1e-15,0,0,0
467,1749062969.5611556,201,422.73652277297595,136.43969957524897,24.89999237524525,46.95031419704082,0.33487403204689004,0.9999999999999999,2,10,39.21353117636495,0.7582140291276181,1e-15,0,0,0
467,1749062969.5611556,202,428.1863125178172,111.37776967310924,29.326510442876945,34.73167334364777,0.05,0.9999999999999999,3,9,27.911202437291394,0.7076085200789222,1e-15,0,0,0
467,1749062969.5611556,203,307.4363626015698,487.6744911660408,26.071963215872785,40.67475684348788,0.05,0.8999999999999999,3,5,35.25369240649164,0.336826392042852,1e-15,0,0,0
467,1749062969.5611556,204,276.3886187797148,92.33954399675466,34.06195647392893,31.606416484074398,0.05,0.8999999999999999,3,5,30.075662112980112,0.7310683050309393,1e-15,0,0,0
467,1749062969.5611556,205,58.01640238476541,313.81642826977975,9.191826861863952,44.16842660967836,0.18319034251412328,0.8999999999999999,2,6,41.189710795921755,0.6336913061963705,1e-15,0,0,0
467,1749062969.5611556,206,442.9113132311994,141.14143992100384,31.00710877190127,30.93381650359786,0.05,0.8999999999999999,3,9,35.17496403685561,0.777766333226857,1e-15,0,0,0
467,1749062969.5611556,207,558.0494365973531,283.86870434206844,51.17747305656768,50.033132723328976,0.6047899658304197,0.8999999999999999,3,6,53.781901978499896,0.7376185221213374,1e-15,0,0,0
467,1749062969.5611556,208,45.612358964228484,164.70986066018165,5.658042954406111,29.932923434340047,0.05,0.8999999999999999,4,3,33.64819044644631,0.3657476258149641,1e-15,0,0,0
467,1749062969.5611556,209,127.97610230088151,230.21209633815923,20.587637602095047,58.82291522416149,0.95,0.8999999999999999,2,3,66.83630780324475,0.4747620769942495,1e-15,0,0,0
467,1749062969.5611556,210,288.0413368144983,89.62937169084475,33.52156151798663,57.419302972833485,0.95,0.7999999999999999,2,6,68.56518593146163,0.7655010836585864,1e-15,0,0,0
467,1749062969.5611556,211,313.10547744344296,557.7594039189186,16.786567197807628,32.40948382828759,0.05,0.7999999999999999,3,2,33.512958555816226,0.38399146691040964,1e-15,0,0,0
467,1749062969.5611556,212,460.51052467183314,545.4110996310014,13.650158055417563,39.500205473933136,0.14609244708099164,0.7999999999999999,3,5,37.07157007009449,0.43173176565807303,1e-15,0,0,0
467,1749062969.5611556,213,147.8804891104424,396.44630594821325,17.78165706529653,50.60285120234097,0.95,0.7,2,2,71.64220557245774,0.48778518532508663,1e-15,0,0,0
467,1749062969.5611556,214,200.6269211978683,38.96550052606973,30.181347884130638,49.131133708432294,0.5645289960395944,0.7,3,6,52.94634186376199,0.6748930606723034,1e-15,0,0,0
467,1749062969.5611556,215,182.31997391355253,24.57994874499824,38.61075164873178,52.725817274253686,0.7463050414700239,0.6,1,6,63.60881434496508,0.2454532125534315,1e-15,0,0,0
467,1749062969.5611556,216,220.26443765921672,128.38362308133406,36.95902444749373,54.48351529202241,0.95,0.6,2,1,70.17246503697876,0.544651260877573,1e-15,0,0,0
467,1749062969.5611556,217,503.1525234423351,285.3677125963862,24.8914870872924,46.11258551024663,0.5409386891788014,0.6,2,12,53.048218857569886,0.5662587376031767,1e-15,0,0,0
467,1749062969.5611556,218,31.638716671593187,376.8221950274178,6.589296568325386,37.74907828720507,0.05,0.6,4,5,28.22351617798027,0.474017220489949,1e-15,0,0,0
467,1749062969.5611556,219,641.0038690923661,427.2478773040416,44.380566819300704,40.8567127372786,0.05,0.6,3,8,35.60141577094365,0.534721847000983,1e-15,0,0,0
467,1749062969.5611556,220,298.4696914222717,103.52015577010634,31.374551003353503,30.282670073399306,0.05,0.5,2,5,29.760053178960874,0.7332779047015141,1e-15,0,0,0
467,1749062969.5611556,221,698.3507567150474,465.12739616463455,44.93690214744705,45.18259316094244,0.7966189523909332,0.5,2,4,65.48285897983854,0.5213058238610161,1e-15,0,0,0
467,1749062969.5611556,222,160.79049659195488,20.780724173668617,39.81838826242602,38.173878560582395,0.2859202149348826,0.4,1,7,39.39148003701139,0.33677242172100397,1e-15,0,0,0
467,1749062969.5611556,223,638.6792938799813,416.21139221052647,39.90286572337816,38.40092724837685,0.47911010298254325,0.4,3,9,46.142838478371736,0.7602705275131839,1e-15,0,0,0
467,1749062969.5611556,224,453.64132760085823,287.2306985836946,15.726876872456515,38.76677144685671,0.5114628267461445,0.30000000000000004,3,6,45.9968319011014,0.5543084660349821,1e-15,0,0,0
467,1749062969.5611556,225,421.75036092940144,189.1718498935097,30.54644649969095,46.675126370104955,0.7783183807932444,0.30000000000000004,4,10,65.30847392370642,0.5376480149210708,1e-15,0,0,0
467,1749062969.5611556,226,420.611447496958,222.06932256959396,31.197270225982486,32.09584353449901,0.5228358803309803,0.2,4,11,51.305182317443126,0.6824802766344976,1e-15,0,0,0
467,1749062969.5611556,227,110.38273912587596,139.50123684763605,36.4986262848202,34.14277101966899,0.6457913654034528,0.2,3,4,57.521884891252085,0.6615845818254718,1e-15,0,0,0
467,1749062969.5611556,228,588.6670183323681,480.1965396168193,35.592875790173395,41.013632623512244,0.8248795549087133,0.1,2,5,66.54845038400208,0.7694349692445442,1e-15,0,0,0
467,1749062969.5611556,229,196.5856746606502,386.53766117012333,31.506480888355778,42.275258236271426,0.8693004467907292,0.1,2,5,66.48758454539883,0.8005132824195933,1e-15,0,0,0
467,1749062969.5611556,230,324.7479015308864,491.7560216518245,37.044250457541196,30.821766008382827,0.7436450307367957,0.1,2,6,61.47612881560666,0.5796034412404634,1e-15,0,0,0
467,1749062969.5611556,231,122.13417456038573,151.53579371635317,42.31141910272005,46.44907116391803,0.7335862419287834,0.1,2,5,55.71658644936722,0.3644985866011785,1e-15,0,0,0
467,1749062969.5611556,232,427.09924755857907,224.46670608970652,23.970322231918733,43.83275028696559,0.8627603453415329,0,1,9,37.15408587222983,0.8120302804487194,1e-15,0,0,0
467,1749062969.5611556,233,692.1307808429691,567.1348239462719,44.41345889669854,45.8692179267296,0.95,0,1,1,38.7519016548312,0.5850772951508918,1e-15,0,0,0
467,1749062969.5611556,234,432.2738710321065,119.66231756288421,41.66904750542503,45.30562862915329,0.9411593092794673,0,3,8,30.897358528256913,0.767506539428888,1e-15,0,0,0
